epoch,time
0,127.46208000183105
1,142.51835751533508
