,precision,recall,f1-score,support
facebook,1.0,0.7916666666666666,0.8837209302325582,24.0
instagram,0.6571428571428571,0.9583333333333334,0.7796610169491525,24.0
orig,0.9473684210526315,0.75,0.8372093023255814,24.0
telegram,0.92,0.9583333333333334,0.9387755102040817,24.0
twitter,1.0,1.0,1.0,24.0
whatsapp,0.9545454545454546,0.875,0.9130434782608695,24.0
accuracy,0.8888888888888888,0.8888888888888888,0.8888888888888888,0.8888888888888888
macro avg,0.9131761221234905,0.888888888888889,0.8920683729953739,144.0
weighted avg,0.9131761221234905,0.8888888888888888,0.8920683729953739,144.0
