,precision,recall,f1-score,support
facebook,1.0,0.8333333333333334,0.9090909090909091,24.0
instagram,0.9230769230769231,1.0,0.9600000000000001,24.0
orig,0.9230769230769231,1.0,0.9600000000000001,24.0
telegram,1.0,1.0,1.0,24.0
twitter,1.0,1.0,1.0,24.0
whatsapp,1.0,1.0,1.0,24.0
accuracy,0.9722222222222222,0.9722222222222222,0.9722222222222222,0.9722222222222222
macro avg,0.9743589743589745,0.9722222222222223,0.9715151515151516,144.0
weighted avg,0.9743589743589745,0.9722222222222222,0.9715151515151516,144.0
