,precision,recall,f1-score,support
facebook,0.875,0.875,0.875,24.0
instagram,0.92,0.9583333333333334,0.9387755102040817,24.0
orig,0.9565217391304348,0.9166666666666666,0.9361702127659574,24.0
telegram,0.9583333333333334,0.9583333333333334,0.9583333333333334,24.0
twitter,1.0,0.9166666666666666,0.9565217391304348,24.0
whatsapp,0.9230769230769231,1.0,0.9600000000000001,24.0
accuracy,0.9375,0.9375,0.9375,0.9375
macro avg,0.9388219992567818,0.9375,0.9374667992389679,144.0
weighted avg,0.9388219992567818,0.9375,0.9374667992389679,144.0
