,precision,recall,f1-score,support
facebook,1.0,0.9948051948051948,0.9973958333333334,385.0
instagram,0.9973958333333334,0.9948051948051948,0.9960988296488947,385.0
orig,0.9922680412371134,1.0,0.9961190168175938,385.0
telegram,1.0,1.0,1.0,386.0
twitter,1.0,1.0,1.0,385.0
whatsapp,1.0,1.0,1.0,385.0
accuracy,0.9982691475551709,0.9982691475551709,0.9982691475551709,0.9982691475551709
macro avg,0.9982773124284078,0.9982683982683982,0.9982689466333037,2311.0
weighted avg,0.9982780578579065,0.9982691475551709,0.9982696956827917,2311.0
