,precision,recall,f1-score,support
facebook,1.0,0.9166666666666666,0.9565217391304348,24.0
instagram,0.9230769230769231,1.0,0.9600000000000001,24.0
orig,1.0,0.9583333333333334,0.9787234042553191,24.0
telegram,0.96,1.0,0.9795918367346939,24.0
twitter,1.0,1.0,1.0,24.0
whatsapp,1.0,1.0,1.0,24.0
accuracy,0.9791666666666666,0.9791666666666666,0.9791666666666666,0.9791666666666666
macro avg,0.9805128205128205,0.9791666666666666,0.9791394966867414,144.0
weighted avg,0.9805128205128205,0.9791666666666666,0.9791394966867413,144.0
