,precision,recall,f1-score,support
facebook,1.0,0.9166666666666666,0.9565217391304348,24.0
instagram,0.9230769230769231,1.0,0.9600000000000001,24.0
orig,1.0,1.0,1.0,24.0
telegram,1.0,1.0,1.0,24.0
twitter,1.0,1.0,1.0,24.0
whatsapp,1.0,1.0,1.0,24.0
accuracy,0.9861111111111112,0.9861111111111112,0.9861111111111112,0.9861111111111112
macro avg,0.9871794871794872,0.986111111111111,0.986086956521739,144.0
weighted avg,0.9871794871794872,0.9861111111111112,0.9860869565217393,144.0
