,precision,recall,f1-score,support
facebook,1.0,0.9948051948051948,0.9973958333333334,385.0
instagram,0.9973958333333334,0.9948051948051948,0.9960988296488947,385.0
orig,0.9897172236503856,1.0,0.9948320413436693,385.0
telegram,1.0,1.0,1.0,386.0
twitter,1.0,1.0,1.0,385.0
whatsapp,1.0,0.9974025974025974,0.9986996098829649,385.0
accuracy,0.9978364344439636,0.9978364344439636,0.9978364344439636,0.9978364344439636
macro avg,0.9978521761639532,0.9978354978354979,0.9978377190348104,2311.0
weighted avg,0.9978531055554875,0.9978364344439636,0.9978386546821343,2311.0
