epoch,accuracy,loss,val_accuracy,val_loss
0,0.9732176661491394,0.09220322221517563,0.9890055656433105,0.03121967986226082
