epoch,accuracy,loss,val_accuracy,val_loss
0,0.8364860415458679,0.4233100116252899,0.8572139143943787,0.37177205085754395
1,0.8052334785461426,0.5376391410827637,0.5807887315750122,1.299704670906067
