epoch,accuracy,loss,val_accuracy,val_loss
0,0.9881598949432373,0.036434024572372437,0.990856409072876,0.026408622041344643
1,0.9906638860702515,0.0270150788128376,0.991097629070282,0.025045931339263916
