epoch,accuracy,loss,val_accuracy,val_loss
0,0.983966052532196,0.050509143620729446,0.9911924004554749,0.025587361305952072
1,0.9900864362716675,0.030166923999786377,0.9923391938209534,0.023457838222384453
