epoch,accuracy,loss,val_accuracy,val_loss
0,0.9902212023735046,0.027853835374116898,0.9923121929168701,0.021823691204190254
1,0.9913175702095032,0.024689236655831337,0.992617130279541,0.02074618451297283
