epoch,accuracy,loss,val_accuracy,val_loss
0,0.9808304905891418,0.06235780939459801,0.9903229475021362,0.028056684881448746
1,0.9890633821487427,0.033044617623090744,0.9908093214035034,0.02631695196032524
