epoch,accuracy,loss,val_accuracy,val_loss
0,0.321575403213501,172.26634216308594,0.865426242351532,3.772447347640991
1,0.5668145418167114,50.555519104003906,0.9260060787200928,2.2531816959381104
