epoch,accuracy,loss,val_accuracy,val_loss
0,0.9800278544425964,0.06590064615011215,0.9902275800704956,0.028043637052178383
1,0.989044189453125,0.03320285677909851,0.9904348850250244,0.027571789920330048
