epoch,accuracy,loss,val_accuracy,val_loss
0,0.9771609306335449,0.07726658880710602,0.9889877438545227,0.0311225987970829
1,0.987710177898407,0.036383006721735,0.9897423386573792,0.028841949999332428
