epoch,accuracy,loss,val_accuracy,val_loss
0,0.9893959164619446,0.030789395794272423,0.9906606078147888,0.02597268484532833
1,0.989046037197113,0.03165421262383461,0.9902574419975281,0.02674143761396408
