epoch,accuracy,loss,val_accuracy,val_loss
0,0.9337264895439148,0.2064152956008911,0.98918217420578,0.03023798204958439
