epoch,accuracy,loss,val_accuracy,val_loss
0,0.23433420062065125,3.281909704208374,0.14659686386585236,1399315.625
