epoch,accuracy,loss,val_accuracy,val_loss
0,0.16027875244617462,2.400564432144165,0.1678321659564972,1.7917768955230713
1,0.15243902802467346,1.7951925992965698,0.1678321659564972,1.7917779684066772
2,0.16376306116580963,1.7919343709945679,0.1678321659564972,1.791749358177185
