epoch,accuracy,loss,val_accuracy,val_loss
0,0.35728198289871216,1.7092478275299072,0.5261791348457336,1.1538901329040527
1,0.589428722858429,1.014545202255249,0.6624837517738342,0.8559681177139282
