epoch,accuracy,loss,val_accuracy,val_loss
0,0.2845163345336914,3.9595963954925537,0.16659455001354218,1.7934255599975586
1,0.16246482729911804,1.7933622598648071,0.16659455001354218,1.793313980102539
