epoch,accuracy,loss,val_accuracy,val_loss
0,0.16154511272907257,2.07100510597229,0.16702726483345032,1.7917591333389282
1,0.16111230850219727,1.7917789220809937,0.16702726483345032,1.791759729385376
2,0.16522397100925446,1.7917786836624146,0.16702726483345032,1.7917591333389282
3,0.1638173609972,1.7917759418487549,0.16659455001354218,1.791759967803955
4,0.1656026840209961,1.7917753458023071,0.16659455001354218,1.7917593717575073
5,0.16343864798545837,1.7917804718017578,0.16659455001354218,1.791759729385376
6,0.16235662996768951,1.7917791604995728,0.16659455001354218,1.7917591333389282
