epoch,accuracy,loss,val_accuracy,val_loss
0,0.08892059326171875,nan,0.09125475585460663,nan
