epoch,accuracy,loss,val_accuracy,val_loss
0,0.8728089332580566,0.6559601426124573,0.9818260669708252,0.06392735987901688
