epoch,accuracy,loss,val_accuracy,val_loss
0,0.6506708264350891,4.375753879547119,0.9398528933525085,0.2961939871311188
1,0.9481173157691956,0.18371787667274475,0.9774988889694214,0.08000659197568893
