epoch,accuracy,loss,val_accuracy,val_loss
0,0.09082263708114624,28.878612518310547,0.09125475585460663,2.3979651927948
1,0.0794103667140007,2.398094415664673,0.09125475585460663,2.397937774658203
2,0.09129814803600311,2.3981077671051025,0.09125475585460663,2.39793062210083
