epoch,accuracy,loss,val_accuracy,val_loss
0,0.9642857313156128,44.70462417602539,0.2237762212753296,42.93843460083008
