epoch,accuracy,loss,val_accuracy,val_loss
0,0.16127461194992065,2.862778663635254,0.16659455001354218,1.791759729385376
1,0.16430425643920898,1.791776180267334,0.16659455001354218,1.7917596101760864
