epoch,accuracy,loss,val_accuracy,val_loss
0,0.8097830414772034,0.500023365020752,0.8698794841766357,0.3474308252334595
1,0.8644612431526184,0.3524666428565979,0.8799028396606445,0.31142929196357727
