epoch,time
0,3910.331127166748
1,4871.596601009369
