epoch,time
0,3887.9134879112244
1,3996.284991979599
