epoch,time
0,3741.35409116745
1,3875.1341049671173
