epoch,time
0,11.35674238204956
1,8.824412822723389
