epoch,time
0,5588.989356040955
1,6182.242951869965
