epoch,time
0,3751.6928339004517
1,3744.5202372074127
