epoch,time
0,3750.4699404239655
1,3827.756536960602
