epoch,time
0,8.553215265274048
1,6.258434295654297
2,6.173747539520264
3,6.1805970668792725
4,6.223405838012695
5,6.163515329360962
6,6.165390729904175
