epoch,time
0,3635.336677312851
1,3741.2790796756744
