epoch,time
0,7502.9227068424225
1,7901.869632720947
