epoch,time
0,3778.3384177684784
1,3716.5330765247345
