epoch,time
0,2225.9473774433136
1,2545.4665014743805
