epoch,time
0,25925.29415822029
1,26197.770607948303
