epoch,time
0,18809.943803310394
1,18988.04166483879
