epoch,time
0,28.322343349456787
1,20.068312406539917
2,20.024859189987183
3,24.697155475616455
4,20.06718873977661
5,19.728070497512817
6,19.9494309425354
7,19.923570156097412
8,19.948800086975098
9,19.513204336166382
