epoch,time
0,129.0485577583313
1,126.02704882621765
