epoch,time
0,40.4341402053833
1,34.85874819755554
