epoch,time
0,16.626909255981445
1,17.821518898010254
2,18.448442220687866
3,17.916142225265503
4,18.08071208000183
5,18.1340811252594
6,18.55516529083252
