epoch,time
0,5.3129096031188965
1,6.951138257980347
2,6.888829231262207
