epoch,time
0,40.03317642211914
1,35.42070198059082
