epoch,time
0,5.36370587348938
1,2.368030309677124
2,7.042785167694092
