epoch,time
0,13.957828521728516
1,8.278187036514282
2,11.97377347946167
3,12.020974397659302
4,8.144127607345581
5,12.136240243911743
