epoch,time
0,144.13031220436096
1,303.74230122566223
2,250.214182138443
3,288.5960524082184
