epoch,time
0,19.475520849227905
1,20.873428344726562
