,precision,recall,f1-score,support
facebook,0.8461538461538461,0.9166666666666666,0.8799999999999999,24.0
instagram,0.9230769230769231,1.0,0.9600000000000001,24.0
orig,1.0,0.5416666666666666,0.7027027027027027,24.0
telegram,0.696969696969697,0.9583333333333334,0.8070175438596493,24.0
twitter,1.0,0.9166666666666666,0.9565217391304348,24.0
whatsapp,1.0,1.0,1.0,24.0
accuracy,0.8888888888888888,0.8888888888888888,0.8888888888888888,0.8888888888888888
macro avg,0.9110334110334111,0.8888888888888888,0.8843736642821312,144.0
weighted avg,0.911033411033411,0.8888888888888888,0.8843736642821312,144.0
