,precision,recall,f1-score,support
facebook,1.0,0.9974025974025974,0.9986996098829649,385.0
instagram,0.9974093264248705,1.0,0.9987029831387808,385.0
orig,1.0,0.9974025974025974,0.9986996098829649,385.0
telegram,0.9974160206718347,1.0,0.9987063389391979,386.0
twitter,1.0,1.0,1.0,385.0
whatsapp,1.0,1.0,1.0,385.0
accuracy,0.9991345737775854,0.9991345737775854,0.9991345737775854,0.9991345737775854
macro avg,0.9991375578494509,0.9991341991341991,0.9991347569739847,2311.0
weighted avg,0.9991368129177427,0.9991345737775854,0.9991345715918841,2311.0
